{"cameraMode":{"drawMode":0,"name":"Shaded","section":"Shading Mode"},"sceneLighting":true,"audioPlay":false,"sceneViewState":{"m_AlwaysRefresh":false,"showFog":true,"showSkybox":true,"showFlares":true,"showImageEffects":true,"showParticleSystems":true,"showVisualEffectGraphs":true,"m_FxEnabled":true},"in2DMode":false,"pivot":{"x":3.1867856979370119,"y":1.6998050212860108,"z":1.1889333724975587},"rotation":{"x":-0.13600876927375794,"y":0.07333730906248093,"z":-0.010096940211951733,"w":-0.9879348874092102},"size":3.363499879837036,"orthographic":false}